temperature,humidity,label
20.87974371,82.00274423,rice
21.77046169,80.31964408,rice
23.00445915,82.3207629,rice
26.49109635,80.15836264,rice
20.13017482,81.60487287,rice
23.05804872,83.37011772,rice
22.70883798,82.63941394,rice
20.27774362,82.89408619,rice
24.51588066,83.5352163,rice
23.22397386,83.03322691,rice
26.52723513,81.41753846,rice
23.97898217,81.45061596,rice
26.80079604,80.88684822,rice
24.01497622,82.05687182,rice
25.66585205,80.66385045,rice
24.28209415,80.30025587,rice
21.58711777,82.7883708,rice
23.79391957,80.41817957,rice
21.8652524,80.1923008,rice
23.57943626,83.58760316,rice
21.32504158,80.47476396,rice
25.15745531,83.11713476,rice
21.94766735,80.97384195,rice
21.0525355,82.67839517,rice
23.48381344,81.33265073,rice
25.0756354,80.52389148,rice
26.35927159,84.04403589,rice
24.52922681,80.54498576,rice
20.77576147,84.49774397,rice
22.30157427,80.64416466,rice
21.44653958,84.94375962,rice
22.17931888,80.33127223,rice
24.52783742,82.73685569,rice
20.26707606,81.63895217,rice
25.7354293,83.88266234,rice
26.79533926,82.1480873,rice
26.75754171,81.17734011,rice
23.86330467,83.15250801,rice
21.01944696,82.95221726,rice
24.17298839,83.7287574,rice
22.78133816,82.06719137,rice
25.62980105,83.52842314,rice
25.59704938,80.14509262,rice
23.83067496,84.81360127,rice
26.31355498,82.36698992,rice
24.8972823,80.52586088,rice
24.958779,84.47963372,rice
23.24113501,84.59201843,rice
21.66628296,80.70960551,rice
24.63544858,80.41363018,rice
23.43121862,83.06310136,rice
20.0454142,80.3477562,rice
23.85724032,82.22572988,rice
21.97199397,81.89918197,rice
26.22916897,83.83625819,rice
23.44676801,84.79352417,rice
25.65553461,83.47021081,rice
24.44345477,82.45432595,rice
20.2801937,82.1235421,rice
21.7238313,80.2389895,rice
20.41447029,82.20802629,rice
25.75528612,83.51827127,rice
20.61521424,83.77345559,rice
21.84106875,80.72886384,rice
20.08369642,83.29114712,rice
24.45802087,82.74835604,rice
21.14347496,80.33502926,rice
25.78720567,82.11124033,rice
23.64124821,80.28597873,rice
23.43191632,80.56887849,rice
24.97669518,83.891805,rice
22.72791041,82.1706881,rice
24.87300744,82.84022551,rice
21.32376327,83.00320459,rice
26.29465461,84.56919326,rice
22.2286982,81.85872947,rice
26.73072391,81.78596776,rice
24.88921174,81.97927117,rice
26.88444878,81.46033732,rice
22.67846116,83.72874389,rice
26.08867875,80.37979919,rice
25.42977518,82.94682591,rice
26.40323239,81.05635517,rice
26.04371967,84.96907151,rice
25.2827223,80.54372813,rice
22.08576562,83.47038318,rice
23.28617173,81.43321641,rice
25.48591986,81.40633547,rice
23.67575393,81.03569343,rice
20.82477109,84.1341879,rice
26.92995077,81.91411159,rice
23.83509503,83.88387074,rice
26.52872817,80.12267476,rice
26.46428311,83.85642678,rice
22.69657794,82.81088865,rice
22.68319059,83.46358271,rice
21.53346343,82.14004101,rice
21.40865769,83.3293191,rice
26.54348085,84.67353597,rice
23.35905428,83.59512273,rice
22.61359953,63.69070564,maize
26.10018422,71.57476937,maize
23.55882094,71.59351368,maize
19.97215954,57.68272924,maize
18.47891261,62.69503871,maize
21.77689322,57.80840636,maize
25.6217169,66.50415474,maize
25.19192419,66.6902901,maize
20.41683147,62.5542482,maize
24.92162194,66.78627406,maize
23.31689124,73.4541537,maize
24.84016732,68.3584573,maize
22.27526694,58.84015925,maize
18.87751445,65.76816093,maize
25.19008683,60.2001687,maize
18.25405352,55.28220433,maize
24.6129118,70.4162444,maize
25.1420613,65.26185135,maize
23.09348056,60.1159381,maize
18.05033737,62.89366992,maize
24.9321581,73.80435276,maize
18.14710054,71.09445342,maize
18.28362235,66.65952796,maize
18.83344471,58.75082029,maize
25.71895816,67.22190688,maize
25.33797709,68.49835977,maize
23.89114571,57.48775781,maize
21.53574127,71.50905983,maize
23.08974909,63.10459626,maize
25.61707368,63.4711755,maize
21.44526922,63.1621551,maize
18.51816776,55.53128131,maize
22.53510514,67.99257471,maize
23.02038334,61.89472002,maize
24.89364635,65.61418761,maize
25.77175115,74.089114,maize
19.39851734,62.35750641,maize
21.54156232,59.64024162,maize
23.79746068,74.82913698,maize
18.9802729,74.52600826,maize
24.10859207,73.13112261,maize
24.7947077,70.04556743,maize
21.63162756,60.27766379,maize
25.37548751,57.21025565,maize
22.21738222,72.85462807,maize
20.58314011,69.00128641,maize
24.87502824,68.74248334,maize
20.03728219,56.35606753,maize
25.95263264,61.89082199,maize
19.28889933,65.47050802,maize
20.57981887,65.34583901,maize
24.71417533,56.73426469,maize
20.27317074,63.91281869,maize
18.41932981,64.23580251,maize
23.39128187,61.74427165,maize
19.84939404,61.24500053,maize
21.869274,61.91044947,maize
22.8056033,56.50768935,maize
19.0781471,69.02298571,maize
22.02720976,65.35549924,maize
23.80546189,59.24537979,maize
18.52510753,69.0276233,maize
23.50297882,61.32026065,maize
26.54986394,72.89187265,maize
19.29563411,69.63481219,maize
20.68899915,59.4375337,maize
19.32666088,68.034493,maize
24.60532218,73.58868502,maize
22.27373646,59.52193158,maize
25.70196694,61.33450447,maize
19.20129357,68.30578978,maize
21.70181447,60.47470519,maize
20.51716779,59.21235483,maize
23.30355338,73.62548442,maize
24.2547451,55.64709899,maize
24.86374934,65.7420046,maize
22.6265115,65.77472881,maize
18.04185513,60.61494304,maize
23.26237612,72.33125523,maize
22.88330922,71.59722446,maize
25.97482359,69.36385721,maize
26.14384005,66.20569924,maize
18.66116213,61.55327249,maize
25.10787449,55.97732754,maize
23.33844615,59.24580604,maize
25.08239719,65.92195844,maize
25.36768364,72.52054555,maize
25.34217103,63.31801994,maize
25.00933355,67.816568,maize
18.66746724,71.516474,maize
20.37999665,63.73849998,maize
18.09300227,72.61024172,maize
26.16985907,71.96246617,maize
18.65396672,61.37879671,maize
26.07470121,59.37147589,maize
18.92851916,72.80086137,maize
23.30546753,63.24648023,maize
18.74826712,62.49878458,maize
19.74213321,59.66263104,maize
25.73044432,70.74739256,maize
17.02498456,16.98861173,chickpea
19.02061277,17.13159126,chickpea
17.88776475,15.40589717,chickpea
18.86805647,15.65809214,chickpea
18.36952567,19.56381041,chickpea
20.45078582,15.40312102,chickpea
20.6543203,16.60820843,chickpea
17.3348681,18.74926979,chickpea
18.17912258,18.90426935,chickpea
18.01272266,18.30968112,chickpea
20.99373558,19.33470387,chickpea
19.46233971,15.22538951,chickpea
19.81344531,14.69765308,chickpea
18.97424756,19.5161216,chickpea
18.19737048,14.71070537,chickpea
18.72963144,19.18197264,chickpea
20.99502153,19.8601304,chickpea
20.28155898,16.39535215,chickpea
17.48042641,15.7559405,chickpea
20.88818675,14.32313811,chickpea
17.08498521,16.14565756,chickpea
20.09340593,15.11279612,chickpea
17.57212145,14.99927489,chickpea
19.12065218,18.43475844,chickpea
18.57665902,19.22008229,chickpea
17.16606398,14.42457525,chickpea
18.2872007,16.67921616,chickpea
19.03025305,18.66725565,chickpea
17.1418614,17.0662427,chickpea
17.47809436,17.93253975,chickpea
20.56601874,14.25803981,chickpea
17.22385224,15.82069268,chickpea
19.69141713,19.44225438,chickpea
17.84851658,19.09172907,chickpea
18.8202251,16.1074793,chickpea
17.47500984,16.54314829,chickpea
18.72649425,17.58406365,chickpea
18.65580107,16.17772668,chickpea
18.2356751,19.68538502,chickpea
18.81198127,15.21618225,chickpea
18.65054116,17.80852431,chickpea
20.36720401,16.89574311,chickpea
18.38120357,16.63805158,chickpea
17.17012591,17.30457712,chickpea
19.37101121,15.77458129,chickpea
17.92845928,14.27327988,chickpea
19.45339934,18.23490739,chickpea
19.12829388,14.92241479,chickpea
19.1034283,17.26184541,chickpea
17.48504075,16.96070581,chickpea
19.40751744,18.98030507,chickpea
20.18649426,19.63719995,chickpea
17.30287885,15.15405941,chickpea
17.50361137,15.48083156,chickpea
18.17234999,14.70085967,chickpea
17.57445618,16.71826572,chickpea
20.93175255,18.91295403,chickpea
19.71098332,17.63879418,chickpea
19.07937684,17.86754927,chickpea
18.54988627,16.02542689,chickpea
18.19903647,17.41333199,chickpea
18.88852533,14.99451145,chickpea
18.49311205,14.72115044,chickpea
19.48974337,17.17260319,chickpea
17.25769499,18.74943955,chickpea
19.62416326,18.71483156,chickpea
20.67526473,19.85388984,chickpea
20.02381489,16.63294455,chickpea
20.1187446,14.44228303,chickpea
20.65691793,15.84572566,chickpea
19.2582557,14.2804191,chickpea
17.927806,15.85622899,chickpea
19.16288268,15.83500655,chickpea
20.26942271,19.96978871,chickpea
17.09104223,18.25142068,chickpea
17.06579293,17.54024066,chickpea
20.62767492,14.44008871,chickpea
20.8248451,17.85057083,chickpea
19.46210401,18.72831993,chickpea
17.18248372,16.42891834,chickpea
17.48911699,16.39055394,chickpea
17.48395377,14.76014523,chickpea
19.48316794,17.44534641,chickpea
19.71359733,18.09665739,chickpea
19.48649305,16.06240074,chickpea
19.95264829,14.82633099,chickpea
19.41789736,16.80472243,chickpea
19.45591848,18.02235902,chickpea
20.19137759,16.41998269,chickpea
18.8392908,14.74071856,chickpea
20.71219282,19.83643308,chickpea
18.99424448,15.9362937,chickpea
19.96837462,15.57324389,chickpea
17.81564548,17.60756635,chickpea
20.71424384,15.27824066,chickpea
17.34150229,18.75626255,chickpea
17.43732714,14.33847406,chickpea
18.89780215,19.76182946,chickpea
18.59190771,14.77959596,chickpea
18.31561493,15.36143547,chickpea
17.13692774,20.59541693,kidneybeans
19.63474332,18.90705639,kidneybeans
22.91350245,21.33953114,kidneybeans
16.43340342,24.24045875,kidneybeans
22.13974653,23.02251117,kidneybeans
17.84806561,18.77621951,kidneybeans
19.88394011,20.31564139,kidneybeans
19.32509638,23.3334788,kidneybeans
18.4167001,23.42829938,kidneybeans
21.81167649,23.20591245,kidneybeans
19.72702528,18.28173015,kidneybeans
17.15432954,19.87070659,kidneybeans
19.62207826,18.67170854,kidneybeans
21.63149148,21.17919701,kidneybeans
16.06522754,18.72479695,kidneybeans
20.61162204,24.36314135,kidneybeans
21.42451099,20.39659714,kidneybeans
19.07096165,21.21092266,kidneybeans
21.18853178,19.63438599,kidneybeans
23.0429097,22.42610972,kidneybeans
20.65375833,23.10538637,kidneybeans
18.09551014,18.29318436,kidneybeans
18.23775702,21.07643273,kidneybeans
17.48189735,18.8251973,kidneybeans
19.9191786,21.47324158,kidneybeans
20.27514686,23.2353604,kidneybeans
15.77370214,19.2303162,kidneybeans
16.71170642,19.17651433,kidneybeans
17.66148158,18.15302753,kidneybeans
18.50692825,23.61670065,kidneybeans
24.51324787,20.81527638,kidneybeans
18.87614998,24.54038287,kidneybeans
21.59343016,20.31871249,kidneybeans
20.12373284,24.45202552,kidneybeans
15.43546065,18.37477907,kidneybeans
22.64236876,21.59396123,kidneybeans
21.98560799,24.87304788,kidneybeans
20.53052663,18.09224048,kidneybeans
15.78601387,21.14544088,kidneybeans
19.6365349,19.68751084,kidneybeans
20.57341244,19.7520218,kidneybeans
20.16080524,24.84207559,kidneybeans
21.53989176,24.25386207,kidneybeans
15.53834801,23.75560241,kidneybeans
19.91853092,20.70099804,kidneybeans
20.76952209,18.93146941,kidneybeans
23.46168338,23.22197648,kidneybeans
24.32116642,21.0278674,kidneybeans
20.12574053,24.96969858,kidneybeans
21.80619564,18.57086554,kidneybeans
19.52226241,24.92607153,kidneybeans
17.00067625,19.90790546,kidneybeans
16.78791503,24.96881755,kidneybeans
24.84906168,22.89464642,kidneybeans
16.51783455,20.4555596,kidneybeans
18.15300153,19.38602098,kidneybeans
23.18864385,22.3104551,kidneybeans
23.38002569,21.98879437,kidneybeans
18.358923,19.37703396,kidneybeans
19.25975367,20.51346956,kidneybeans
22.95458237,24.03553105,kidneybeans
20.120043,22.89845607,kidneybeans
21.14011423,22.7182355,kidneybeans
24.92360104,18.22590825,kidneybeans
15.33042636,24.91506728,kidneybeans
18.81097271,21.27833035,kidneybeans
23.44260668,22.77255917,kidneybeans
22.8352024,18.97267518,kidneybeans
24.9035819,22.27512704,kidneybeans
23.78709569,24.35679348,kidneybeans
22.05592283,19.60379304,kidneybeans
18.87492997,20.18238348,kidneybeans
18.62328774,23.02410338,kidneybeans
23.00884744,18.86880997,kidneybeans
19.33162606,24.13995025,kidneybeans
16.24469193,21.35793891,kidneybeans
17.91652287,24.90814655,kidneybeans
15.46789263,21.43780702,kidneybeans
17.06104474,23.77201471,kidneybeans
21.32776028,18.48522915,kidneybeans
23.90910104,20.74619325,kidneybeans
23.89756791,22.74378977,kidneybeans
22.98666928,20.57940608,kidneybeans
21.35135729,22.91244883,kidneybeans
24.1638445,19.27907819,kidneybeans
24.62835037,18.18325169,kidneybeans
21.02213209,24.93896255,kidneybeans
17.30844532,20.01730914,kidneybeans
23.82576704,24.75485098,kidneybeans
19.30607278,23.96362799,kidneybeans
16.03768615,22.33195853,kidneybeans
19.18572809,20.83398341,kidneybeans
19.92889503,21.79992115,kidneybeans
19.56376468,24.67385131,kidneybeans
18.31357543,24.32991649,kidneybeans
20.10993761,23.22323766,kidneybeans
23.60506572,21.90539577,kidneybeans
19.73136909,24.89487354,kidneybeans
20.93409877,21.1893007,kidneybeans
18.78226261,20.24768314,kidneybeans
29.48439992,63.19915325,blackgram
26.73433965,68.13999721,blackgram
26.27274407,62.28814857,blackgram
34.03679184,67.21113844,blackgram
28.03644051,65.06601664,blackgram
28.81460716,65.33538112,blackgram
34.03619494,64.28791388,blackgram
33.8642935,61.57072498,blackgram
32.84213012,68.68401492,blackgram
27.10053268,63.36085585,blackgram
25.65842532,61.18235808,blackgram
32.34744009,66.61452812,blackgram
29.58949031,68.32176769,blackgram
30.91219459,68.79427388,blackgram
28.12787838,64.2097765,blackgram
30.08545364,69.34811988,blackgram
31.74379487,62.51007687,blackgram
27.81326852,62.50460464,blackgram
32.88733849,64.59457409,blackgram
29.36358721,64.98742947,blackgram
27.82592799,67.5861883,blackgram
28.49538735,60.44848407,blackgram
27.74274761,68.53997144,blackgram
30.41588462,67.66323804,blackgram
27.3254209,69.09047809,blackgram
30.28496619,61.69295127,blackgram
28.56840626,61.53278622,blackgram
25.36586097,66.6379724,blackgram
34.9466155,65.26774011,blackgram
25.09737391,67.72837887,blackgram
32.47648301,64.34848735,blackgram
33.86351172,68.59232289,blackgram
25.19857725,60.37332688,blackgram
31.77681682,69.01852894,blackgram
34.89814946,63.59948557,blackgram
31.74105409,68.63525428,blackgram
27.16159076,66.76017239,blackgram
26.23773129,67.88521396,blackgram
30.20157245,60.06534859,blackgram
31.55846339,67.83563765,blackgram
29.67892453,69.0854554,blackgram
27.05365239,67.7017527,blackgram
34.63880966,61.38597868,blackgram
33.39438752,62.93692886,blackgram
28.84079155,63.37230676,blackgram
31.49338309,63.0563645,blackgram
25.54960633,63.95425534,blackgram
34.37329112,69.69366426,blackgram
34.6008247,63.11296779,blackgram
29.43463808,64.94329356,blackgram
29.10713092,67.90577375,blackgram
28.57006111,65.71765781,blackgram
27.54384835,69.3478631,blackgram
33.04687968,68.93875631,blackgram
33.95309131,69.96100028,blackgram
30.11873003,60.11680815,blackgram
29.57812712,66.17587668,blackgram
27.26458947,68.01232937,blackgram
31.35730791,64.24992106,blackgram
31.52104732,66.55723677,blackgram
29.39982732,64.25510719,blackgram
29.38400259,64.14928485,blackgram
28.38686534,61.88871127,blackgram
28.47442276,63.53604453,blackgram
30.64095781,61.14508627,blackgram
25.25596239,61.36669662,blackgram
32.97030511,60.18122078,blackgram
33.66855394,66.60416867,blackgram
32.83963757,67.99803573,blackgram
27.45853567,62.90020977,blackgram
25.68576704,69.84354028,blackgram
30.0328403,64.14800537,blackgram
28.20667264,68.27085245,blackgram
28.27265858,61.18956161,blackgram
28.5417236,64.2020154,blackgram
26.87187036,61.61367264,blackgram
32.79766751,68.77994074,blackgram
26.42333018,64.51136845,blackgram
29.79181107,63.38789228,blackgram
27.44003279,67.10464369,blackgram
34.1262979,65.14877461,blackgram
30.94908189,64.23364112,blackgram
28.75751783,61.02701476,blackgram
27.24766491,66.10123083,blackgram
28.63005477,66.770943,blackgram
26.41768321,63.64698302,blackgram
32.81705216,66.15665137,blackgram
29.6321052,65.91359954,blackgram
33.49077065,62.73317204,blackgram
31.86847286,66.74217464,blackgram
30.32992227,65.62971858,blackgram
28.546224,66.31394098,blackgram
30.02629908,67.88811637,blackgram
31.65531175,60.13263713,blackgram
30.33499674,63.54718862,blackgram
33.36984395,65.67718163,blackgram
31.4345059,62.99303471,blackgram
27.71678273,63.29103387,blackgram
32.63918668,61.3009051,blackgram
32.7477393,67.77954584,blackgram
28.05153602,63.49802189,lentil
19.44084326,63.27771461,lentil
29.84823072,60.63872613,lentil
21.36383757,69.92375891,lentil
26.28663931,68.51966729,lentil
22.17499963,62.13873825,lentil
26.57597546,60.97876599,lentil
26.58972517,66.14007674,lentil
19.1345771,62.57526895,lentil
28.75273118,69.15640149,lentil
25.78746268,60.2816298,lentil
23.89271875,61.78779413,lentil
28.67408774,63.18832976,lentil
28.42062847,61.77336343,lentil
21.35499456,62.60136323,lentil
21.12695586,63.18738532,lentil
24.02037872,61.62313345,lentil
25.40474421,65.8567539,lentil
29.03017561,64.49166566,lentil
20.21368219,68.65257685,lentil
29.19585548,68.01965728,lentil
18.29783597,69.6897615,lentil
27.41434987,63.41785982,lentil
24.84063998,60.09116626,lentil
29.94413861,67.31323084,lentil
25.87990287,67.55109024,lentil
20.0467711,65.84395319,lentil
22.99451999,66.70897237,lentil
25.13163619,66.92642362,lentil
28.49584395,62.44616219,lentil
18.28766124,69.48515056,lentil
24.38041875,61.18458224,lentil
21.31852148,66.43934593,lentil
18.54141834,62.70637578,lentil
25.28710601,60.85993533,lentil
25.43459777,69.12613376,lentil
28.83600962,69.76112921,lentil
27.37659643,63.93927841,lentil
28.31886863,60.19461399,lentil
27.4818649,62.04814951,lentil
18.28072173,68.10365387,lentil
27.61204997,69.29786244,lentil
23.43974653,63.22011726,lentil
20.95628486,63.68128841,lentil
23.7937153,68.03209183,lentil
22.6371424,65.44544859,lentil
21.53577883,65.47227704,lentil
29.87854588,65.73085206,lentil
25.2653291,67.10004577,lentil
25.17885316,68.93307305,lentil
24.12192608,61.09533545,lentil
23.33565221,67.40460704,lentil
21.74600081,63.39503184,lentil
27.60195453,63.46170674,lentil
24.388717,62.50453062,lentil
24.98287462,66.895409,lentil
28.234829,69.3159965,lentil
26.03026959,69.55863145,lentil
28.04849594,64.07691942,lentil
24.87425505,64.00213929,lentil
23.97081395,62.35557553,lentil
20.06003985,67.76252583,lentil
19.59221047,61.28633405,lentil
29.77013109,66.29327012,lentil
27.52135365,60.53657684,lentil
25.62896213,63.14909763,lentil
20.39078312,60.47528931,lentil
25.39038396,60.4989659,lentil
24.91079638,60.71367427,lentil
27.70496805,63.20915034,lentil
18.06486101,65.1034354,lentil
18.13027797,62.45851612,lentil
23.82723528,67.89815262,lentil
23.19305333,62.74710773,lentil
25.08966129,68.17543102,lentil
25.86928193,61.88321072,lentil
18.43966037,68.05394959,lentil
27.14911056,67.02664337,lentil
23.33375853,64.50515776,lentil
26.7230014,62.96841833,lentil
19.55750776,64.45268309,lentil
26.13708256,66.7729209,lentil
27.99990346,65.57653373,lentil
29.05941162,62.10652364,lentil
25.71269843,64.1123333,lentil
21.79792649,63.73086065,lentil
24.70626432,60.26854183,lentil
20.94981756,65.8108757,lentil
24.84918386,68.98088448,lentil
21.91041045,65.21662467,lentil
25.93381964,68.70533022,lentil
29.82112112,69.4073209,lentil
27.52185591,63.13215259,lentil
27.99627907,68.6428593,lentil
20.76774783,63.90164154,lentil
23.05276444,60.424786,lentil
21.65845777,63.58337146,lentil
26.25070298,67.62779652,lentil
20.97195263,63.83179889,lentil
23.89736406,66.32102048,lentil
29.36792366,76.24900101,banana
27.33368994,83.67675197,banana
27.40053601,82.96221306,banana
29.3159075,80.11585705,banana
26.05433004,79.39654531,banana
25.86632408,84.42379269,banana
27.00932084,80.18546798,banana
29.55054817,78.06762846,banana
26.28845991,83.390039,banana
29.16226551,76.16151562,banana
28.65003945,82.68752542,banana
29.07311132,76.50045221,banana
28.08166093,75.26429821,banana
27.1994597,78.8086068,banana
28.05484146,78.04602887,banana
25.14748006,83.34688193,banana
25.94019018,78.3422098,banana
27.66752761,79.68542782,banana
25.56703012,75.94067692,banana
28.6956201,82.54195839,banana
26.33544853,76.8532006,banana
25.93730186,78.89864446,banana
25.13686519,84.88394407,banana
27.50527651,80.79783998,banana
26.21009246,82.34429458,banana
29.10403455,79.19588629,banana
29.2440638,77.32017166,banana
25.56202173,77.38229006,banana
26.3985515,81.36028902,banana
28.09577643,77.79586769,banana
27.84767901,83.31110751,banana
27.39341554,81.4654833,banana
25.14517635,81.38204104,banana
28.65456263,79.28693687,banana
29.16093424,76.67484233,banana
27.57278064,82.0638878,banana
25.40909896,82.36208097,banana
25.99069521,83.33983116,banana
26.29039046,81.06003778,banana
29.14827211,78.71024836,banana
26.59743595,79.35898915,banana
25.36059237,75.03193255,banana
29.12036889,80.18080728,banana
27.53911354,77.25629897,banana
29.66727337,83.51014178,banana
25.05802193,84.97323747,banana
25.86824781,78.52399914,banana
25.85036988,81.95580471,banana
26.51682337,77.79913575,banana
28.66725136,79.59242542,banana
28.14938935,81.54448882,banana
26.42313317,83.6995044,banana
26.59386409,81.40740301,banana
27.71822477,76.57853189,banana
28.98333432,82.95958244,banana
29.42017919,83.96754496,banana
27.39872329,81.10523402,banana
26.4020227,84.41007614,banana
27.81251452,82.69285419,banana
25.19640218,83.55829874,banana
28.31193338,75.77363772,banana
25.90113128,80.47152737,banana
27.48612983,76.11239849,banana
29.38254012,83.50423735,banana
29.22118628,81.08183635,banana
27.09062164,81.33506906,banana
26.12643374,81.81365007,banana
29.01207743,77.95192527,banana
27.96799119,79.28625709,banana
28.0764455,76.05522115,banana
25.16278237,84.97849241,banana
25.78749808,84.51194224,banana
25.34119774,84.47321314,banana
29.44795403,78.34971537,banana
26.47522633,78.51833782,banana
27.39489579,83.31172003,banana
25.08347445,80.261731,banana
26.6719835,76.48541655,banana
25.44926208,79.49221962,banana
28.22776705,80.6430384,banana
28.1279509,77.48247073,banana
28.9470467,82.1888998,banana
27.96236771,84.15403614,banana
28.00316034,78.90085998,banana
29.1400919,80.1190228,banana
27.9122104,83.36307683,banana
25.43480512,81.53977797,banana
28.55980972,84.51602322,banana
26.59580783,82.99556744,banana
27.19711623,77.3970629,banana
25.29391516,79.29122198,banana
29.90888522,76.98740841,banana
27.94972463,76.63713353,banana
25.01018457,78.76260938,banana
29.21144871,84.70189923,banana
27.35911627,84.54625006,banana
28.0106804,76.52808057,banana
28.67208915,82.20793613,banana
27.34585147,78.4873835,banana
29.50704598,78.20585613,banana
29.73770045,47.54885174,mango
33.55695561,53.72979826,mango
27.00315545,47.67525434,mango
33.56150184,45.53556603,mango
35.89855625,54.25964196,mango
34.17719782,50.62161586,mango
30.01592643,53.19212381,mango
31.74592134,45.16127859,mango
35.99009679,52.22780489,mango
31.86641378,52.19331595,mango
27.75518664,52.34605806,mango
34.72413192,51.4271781,mango
27.53907547,53.63549533,mango
27.69637763,48.5622488,mango
27.25373364,52.66319725,mango
30.33723921,48.88704844,mango
31.85744939,45.53106268,mango
35.39986338,49.45962621,mango
29.80747243,52.13797867,mango
34.16438906,54.16482251,mango
28.93270187,47.94053996,mango
27.98392787,53.33018851,mango
31.20478173,54.49960506,mango
32.13409675,50.52559148,mango
28.91862016,48.13974548,mango
31.09779147,47.41196659,mango
34.73823882,49.08864345,mango
29.98080499,49.48613279,mango
33.80398664,46.12866113,mango
30.07202564,50.96040505,mango
27.92063282,51.77965917,mango
31.40948821,49.21729127,mango
35.7877738,51.94190321,mango
33.36140093,45.02236377,mango
35.96054636,48.69677802,mango
28.33333307,51.39586505,mango
32.27652024,50.19368841,mango
31.99490489,50.84881347,mango
27.58258929,48.56916221,mango
29.38471637,45.88744691,mango
32.38697531,53.2328243,mango
30.91471455,49.92963856,mango
35.37775595,45.58110023,mango
32.32362177,52.5896771,mango
28.22373428,47.40519056,mango
27.27433181,47.16808054,mango
27.10710832,50.70880979,mango
34.89226666,48.75613373,mango
33.7462686,48.50387598,mango
27.3511056,54.43945147,mango
32.89300162,52.61323969,mango
35.38598705,51.42664176,mango
27.5529736,47.90859131,mango
32.82141065,47.45553843,mango
30.17294105,51.0845903,mango
29.26382931,54.82257868,mango
32.06097197,51.08494181,mango
28.69818144,47.71875722,mango
29.14305008,49.40983294,mango
28.3471611,53.53903102,mango
27.67256197,45.41692012,mango
28.1218093,46.16888595,mango
30.79375683,46.69536813,mango
28.89409382,54.80750249,mango
33.33024826,45.61143594,mango
27.78912455,53.96886679,mango
31.65333432,48.20662669,mango
29.75150773,46.73723302,mango
31.32995611,50.22287593,mango
35.63627319,48.97047762,mango
31.66524687,51.98594645,mango
32.26935342,53.56092806,mango
27.81005614,51.59445462,mango
34.58561471,50.34035336,mango
31.27180992,52.23810152,mango
33.93679864,52.72170281,mango
31.09154239,47.02058367,mango
31.89356292,49.02450149,mango
32.45465292,50.69693751,mango
35.47478322,47.97230503,mango
27.32961444,49.30347234,mango
30.90225239,49.95955487,mango
29.09382275,45.5661059,mango
30.02086169,46.78393776,mango
34.13072188,51.25786185,mango
33.44619894,53.05980465,mango
35.3915464,52.48823147,mango
31.53356352,53.06009323,mango
30.7645515,47.93791463,mango
30.01821337,50.0983181,mango
31.32863689,47.59319575,mango
33.88004781,54.39416048,mango
28.07802689,54.9640534,mango
35.53845018,52.94641947,mango
28.70595247,50.44030129,mango
31.48451729,48.77926304,mango
27.69819273,51.41593238,mango
30.41235793,52.48100602,mango
32.17752026,54.01352682,mango
32.6112614,47.74916499,mango
29.99677232,81.54156612,grapes
30.7280404,82.42614055,grapes
32.44577836,83.88504863,grapes
37.46566825,80.65968681,grapes
22.03296178,83.74372787,grapes
39.64851881,82.21079946,grapes
16.77557314,82.75241875,grapes
12.14190714,83.56812483,grapes
12.7567962,81.62497448,grapes
39.04071989,80.18393287,grapes
39.70772192,82.68593454,grapes
9.467960445,82.29335466,grapes
29.58748357,80.91934392,grapes
17.82803682,80.96093443,grapes
8.825674745,82.89753705,grapes
27.83487131,83.51444973,grapes
11.02105378,80.55557235,grapes
17.5862944,80.84806564,grapes
19.89363946,82.73366439,grapes
29.93707596,81.77713468,grapes
36.73126647,80.58931938,grapes
20.42094753,81.54185044,grapes
25.51939719,83.98351748,grapes
30.50734778,82.71775569,grapes
18.4269936,80.55625868,grapes
12.087022,83.59398734,grapes
23.60115364,82.48336987,grapes
12.80000387,81.20876367,grapes
38.06099482,82.24729637,grapes
39.06555518,82.03812973,grapes
33.78372897,81.16314317,grapes
16.76201707,82.00335557,grapes
35.89307536,82.66850729,grapes
21.01245395,81.17931863,grapes
10.89875873,80.01639435,grapes
16.36251869,83.00471609,grapes
20.28370163,81.32235739,grapes
25.11108456,83.25447587,grapes
33.4641162,83.86742974,grapes
11.7976469,80.86325389,grapes
11.36300891,80.03100049,grapes
25.23542319,80.68700527,grapes
15.99050693,81.23966573,grapes
22.4359017,80.18612085,grapes
34.76086052,81.03544763,grapes
31.11047251,83.34010951,grapes
28.57828803,80.95628959,grapes
41.18664903,81.01783402,grapes
27.02766138,83.17093908,grapes
21.19339319,82.33098331,grapes
10.38004759,83.44518113,grapes
31.3115978,82.56407013,grapes
20.46657776,80.97598029,grapes
29.36947679,81.53996362,grapes
10.72302459,80.02130636,grapes
14.97846952,80.49979873,grapes
15.3246651,81.67215994,grapes
18.73932187,81.12109244,grapes
19.3642553,83.36094029,grapes
41.20733624,81.61051026,grapes
33.34214482,82.51034633,grapes
23.81995682,80.12211649,grapes
40.66012294,81.24995984,grapes
11.82768186,80.2827185,grapes
13.28504331,83.54193816,grapes
35.83089092,83.32560104,grapes
26.18159716,81.03886263,grapes
24.57558351,80.70695797,grapes
29.67229086,83.71498986,grapes
39.37102553,81.25353895,grapes
17.66558428,82.92903419,grapes
24.06679352,82.66396666,grapes
15.31413469,80.09711412,grapes
21.77466746,80.54942557,grapes
26.91624843,80.76838926,grapes
41.65602996,82.22118237,grapes
17.98667801,81.17712085,grapes
29.12033769,82.79092939,grapes
34.38922481,83.18392806,grapes
41.36106301,82.79782954,grapes
35.12158265,82.26890793,grapes
19.6491772,80.15215777,grapes
16.27852801,82.94270065,grapes
21.11903604,80.63399198,grapes
19.2077707,82.9042841,grapes
25.96308415,82.57813624,grapes
25.67385024,81.6212135,grapes
41.94865736,81.15595212,grapes
11.18994268,80.8084305,grapes
17.5438296,82.94703302,grapes
13.05809741,80.28297993,grapes
9.724457611,83.74765639,grapes
27.92004934,82.93262435,grapes
9.535585543,80.73112694,grapes
13.42988625,80.06633966,grapes
9.851242629,80.22631717,grapes
24.97256132,82.72828653,grapes
27.23708304,82.94573346,grapes
18.70679077,83.4795292,grapes
9.949929082,82.55138983,grapes
26.7627493,92.86056895,coconut
25.61294367,94.3138837,coconut
28.130115,95.64807631,coconut
25.02887163,91.53720922,coconut
27.79797651,99.64573002,coconut
29.25902906,95.11294697,coconut
27.10134661,93.69979946,coconut
25.84726298,90.92669463,coconut
26.58580443,90.98617591,coconut
28.38503882,99.18843684,coconut
28.43647052,91.81320717,coconut
28.27298134,96.93649473,coconut
27.00648436,96.46168931,coconut
27.63551259,99.34854917,coconut
26.29644905,99.65809151,coconut
27.1326009,95.23797989,coconut
25.56567803,97.61361544,coconut
25.94951662,93.40548703,coconut
28.03380598,95.01630593,coconut
29.12859129,91.30924833,coconut
27.0828252,97.00155491,coconut
28.11321494,90.01734526,coconut
27.5136304,94.18955816,coconut
27.63834933,95.48763389,coconut
29.01256899,94.01014388,coconut
26.58413917,95.78923137,coconut
28.28905147,97.00396405,coconut
28.69164799,96.65248672,coconut
29.70931288,96.30484325,coconut
27.14865285,96.66355213,coconut
29.28725038,91.95614918,coconut
25.06871967,93.31410447,coconut
26.92449525,91.20106019,coconut
28.27804288,93.64761266,coconut
29.18032562,92.73041222,coconut
28.3575072,91.64509299,coconut
29.38072512,93.27565685,coconut
25.39241091,98.08951196,coconut
26.31270635,98.62048026,coconut
29.52501367,91.91185319,coconut
28.83214859,92.17170353,coconut
28.48444906,97.76865458,coconut
28.74013335,93.39676499,coconut
25.00872392,95.59224018,coconut
29.8690834,91.14723422,coconut
27.54273211,94.59086121,coconut
26.52166434,98.38227669,coconut
25.03512351,95.89739958,coconut
29.20394909,95.66997327,coconut
27.05826457,91.10510371,coconut
26.18552389,96.96637916,coconut
27.59376845,92.48519606,coconut
25.76011662,94.65830608,coconut
28.87862994,95.11320315,coconut
26.50908611,94.48414544,coconut
26.87037587,91.72546257,coconut
27.57283516,94.90485697,coconut
28.05912437,98.3670985,coconut
29.51611558,92.56492864,coconut
28.96318258,95.16333673,coconut
25.09897688,92.36099489,coconut
27.1872282,92.19906776,coconut
29.03065024,90.79093862,coconut
27.754298,95.94643831,coconut
27.31155708,99.96906006,coconut
28.84270971,99.64328526,coconut
26.61423461,96.97300803,coconut
29.70143197,95.65754365,coconut
25.54759871,91.64194826,coconut
26.37978453,91.49882979,coconut
27.45907759,92.90736493,coconut
27.02269204,95.71935435,coconut
28.98545306,90.73966792,coconut
26.1055118,91.52421214,coconut
25.0707247,95.02156793,coconut
25.54963273,96.92786777,coconut
28.56973521,95.67906668,coconut
26.07010807,96.7036223,coconut
25.51791333,94.38420565,coconut
25.9490364,94.73860514,coconut
28.2974764,95.41122824,coconut
29.56549169,91.40896307,coconut
29.69952329,95.21224392,coconut
26.14162144,93.28415295,coconut
26.00175125,94.79998418,coconut
27.15116142,91.48889469,coconut
28.97318719,98.09861043,coconut
26.13958446,96.38580769,coconut
25.51618488,94.33465411,coconut
27.55821802,99.98187601,coconut
27.81132822,97.48410555,coconut
25.60033702,99.7240104,coconut
26.91641934,99.84671638,coconut
29.1797902,90.27214288,coconut
26.44600063,98.29937782,coconut
28.43572863,95.8840407,coconut
28.94099669,93.00109012,coconut
26.45488737,93.45042636,coconut
25.79490531,93.84150618,coconut
26.93141945,98.80313612,coconut
24.40228894,79.19732001,cotton
23.09595631,84.86275707,cotton
23.9656349,76.97696717,cotton
24.88738107,75.62137159,cotton
25.36243778,83.63276077,cotton
24.69457084,81.7358876,cotton
25.0017188,80.53965818,cotton
22.45942937,81.30681027,cotton
23.60564038,79.29573149,cotton
24.58453146,79.12404171,cotton
23.0865933,83.55546146,cotton
23.5000992,83.63488952,cotton
24.1472953,75.88298598,cotton
24.69315538,84.84422454,cotton
24.484692,84.44932014,cotton
24.49112609,82.24415809,cotton
23.47986888,81.73049149,cotton
24.18586246,76.04203958,cotton
25.00755095,78.17952126,cotton
25.99237426,77.0543546,cotton
23.66457347,81.69105088,cotton
25.66891439,81.38103349,cotton
22.04612876,84.62978302,cotton
22.4204752,84.55794703,cotton
25.03149561,82.21276599,cotton
23.53371386,77.21705554,cotton
22.77076388,82.5993307,cotton
25.49848236,79.9751579,cotton
25.248679,83.4630147,cotton
22.78249615,77.51235009,cotton
23.37044424,77.43198948,cotton
24.86560781,78.22080815,cotton
24.14386157,84.51591287,cotton
25.03300222,79.04368718,cotton
23.65724079,84.47601498,cotton
25.54359718,84.09229796,cotton
22.00085141,79.47270984,cotton
23.64328417,78.1258666,cotton
23.96436009,78.02763149,cotton
24.65425757,75.6350708,cotton
24.3017998,84.87668973,cotton
24.29144926,81.02453404,cotton
24.29470232,84.61527627,cotton
25.72180042,81.19666206,cotton
24.87663664,76.30050373,cotton
22.60612115,77.34264002,cotton
23.86814008,75.68339729,cotton
23.41022496,76.43836957,cotton
24.96440768,81.31677618,cotton
25.16820129,80.30351815,cotton
22.72767171,77.07598065,cotton
22.45145981,76.25674874,cotton
23.04920461,75.53835214,cotton
25.29250148,75.66653335,cotton
22.95604064,82.33733678,cotton
22.80213132,84.14668447,cotton
23.54234715,75.98203329,cotton
24.41212325,80.80343786,cotton
22.94276687,75.37170612,cotton
25.53676123,81.13668716,cotton
25.32023717,81.79475917,cotton
22.426733,81.53480799,cotton
25.78544484,75.00539324,cotton
25.68959532,77.90621048,cotton
22.14593688,82.8597549,cotton
25.07278712,82.50257909,cotton
22.21506982,76.17851932,cotton
23.9643129,76.59175937,cotton
25.40059227,76.53237965,cotton
23.7805123,83.03878838,cotton
24.16402322,76.7433897,cotton
25.31468463,77.91757121,cotton
22.60361557,80.3509046,cotton
22.9535715,78.71555832,cotton
22.74446976,80.41198458,cotton
23.80834611,83.91902605,cotton
25.46228792,81.56641891,cotton
25.96779712,81.97904282,cotton
25.5308271,80.04662756,cotton
24.43847399,81.69801729,cotton
23.03887865,76.47039772,cotton
23.51308653,76.72621429,cotton
22.75805656,76.75768356,cotton
24.71252544,77.7293114,cotton
23.45969093,82.44777468,cotton
25.5503704,77.85055621,cotton
22.08458267,82.82904143,cotton
24.68854799,78.51206972,cotton
25.84997269,84.16855231,cotton
22.46054478,75.40989245,cotton
23.65629976,77.52425987,cotton
22.00817088,81.83896111,cotton
24.32630461,80.13456404,cotton
22.92360984,82.68738535,cotton
23.43821725,78.63388824,cotton
22.10718988,78.58320116,cotton
23.03814028,76.11021529,cotton
24.54795322,75.39752705,cotton
23.73868041,75.77503808,cotton
22.31871914,83.86129998,cotton
26.33377983,57.36469955,coffee
26.45288458,55.32222678,coffee
25.70822684,52.88667115,coffee
24.12832546,56.18107663,coffee
23.44372334,60.39523266,coffee
23.4123707,52.26994674,coffee
23.05951896,50.40609436,coffee
23.07895447,63.65861483,coffee
27.6496114,51.11044023,coffee
25.46743689,69.35161206,coffee
26.7350622,55.55164819,coffee
26.20811417,52.50987966,coffee
27.0424167,57.27927475,coffee
24.65090184,51.93952357,coffee
27.35152643,55.99375012,coffee
25.17787724,62.26244581,coffee
23.11438731,68.00096043,coffee
27.22783677,52.95261751,coffee
23.26316991,60.5160021,coffee
25.234661,57.53161469,coffee
25.59535262,57.72920846,coffee
25.5674832,60.49244602,coffee
25.67324193,51.29043632,coffee
24.40726724,62.65692638,coffee
23.69287069,66.76090123,coffee
24.53460016,66.99765375,coffee
27.13140403,52.89368299,coffee
27.56088634,68.49299897,coffee
23.59302313,55.27564977,coffee
23.17714381,52.13864034,coffee
24.71384065,51.29142534,coffee
24.38534644,64.72543073,coffee
27.15998538,51.59100753,coffee
26.53543168,67.09608099,coffee
27.01207284,60.76645256,coffee
27.55906475,58.45742907,coffee
23.32293161,53.00366334,coffee
24.23850608,54.30329632,coffee
23.42611644,64.10651528,coffee
26.02241444,55.83288958,coffee
24.83846178,56.7685316,coffee
26.24092174,65.64381357,coffee
24.43011925,66.02411187,coffee
26.00373964,62.1445102,coffee
26.22367404,62.26594559,coffee
27.09617155,63.55324262,coffee
25.64004392,61.03273481,coffee
27.74576987,54.36976075,coffee
26.24928198,54.28617819,coffee
26.67377159,52.24226285,coffee
27.10210397,55.7497332,coffee
27.62975458,61.26002598,coffee
27.5364547,55.51673151,coffee
23.56960509,50.56339727,coffee
24.99451759,57.93250202,coffee
27.56441788,54.41094079,coffee
23.98143338,61.10935084,coffee
24.22984659,67.37768353,coffee
25.60153969,68.66257977,coffee
24.31274458,53.57285558,coffee
26.36629861,52.25738495,coffee
26.5602777,57.1621814,coffee
26.35034208,58.50650238,coffee
25.20406808,57.88370456,coffee
23.35723208,55.18792166,coffee
23.60567546,59.68849145,coffee
24.18471151,69.94807345,coffee
26.44414097,53.83876189,coffee
26.12492233,63.37479229,coffee
27.77363343,64.47858698,coffee
25.55656667,62.67087838,coffee
27.92374437,67.96910852,coffee
26.05968403,52.31098539,coffee
26.35770906,64.57578034,coffee
24.91370487,54.15319242,coffee
27.31317116,68.4233391,coffee
26.1387869,52.26311691,coffee
23.1069385,67.06230539,coffee
23.52648086,68.44030686,coffee
25.11711046,68.48030408,coffee
24.02952505,58.84880599,coffee
26.70897548,69.71184111,coffee
26.71717393,50.50148528,coffee
24.59245684,56.46829641,coffee
27.51006055,50.66687215,coffee
27.57847581,58.52534263,coffee
26.65069302,57.56695719,coffee
26.97251562,62.0183627,coffee
23.17124551,52.97841162,coffee
23.52652084,65.44340921,coffee
27.30901814,55.196224,coffee
27.54823036,62.88179198,coffee
25.627355,57.04151119,coffee
23.29250318,50.04557009,coffee
24.91461008,53.74144743,coffee
26.77463708,66.4132686,coffee
27.41711238,56.63636248,coffee
24.13179691,67.22512329,coffee
26.2724184,52.12739421,coffee
23.60301571,60.39647474,coffee